{"cameraMode":{"drawMode":0,"name":"Shaded","section":"Shading Mode"},"sceneLighting":true,"audioPlay":false,"sceneViewState":{"m_AlwaysRefresh":false,"showFog":true,"showSkybox":true,"showFlares":true,"showImageEffects":true,"showParticleSystems":true,"showVisualEffectGraphs":true,"m_FxEnabled":true},"in2DMode":false,"pivot":{"x":-3.5706441402435304,"y":0.2261977195739746,"z":-0.027352333068847657},"rotation":{"x":0.6996427178382874,"y":-0.0010717338882386685,"z":0.0010494549060240388,"w":0.7144912481307983},"size":16.621335983276368,"orthographic":true}